P01,D60
P04,D02
P04,D45
P04,D47
P04,D60
P04,D61
P05,D60
P05,D61
P05,D63
P05,D75
P09,D01
P09,D02
P09,D05
P09,D45
P09,D47
P09,D60
P09,D63
P09,D65
P09,D75
P14,D38
P20,D59
P20,D64
P21,D25
P27,D37
P27,D47
P27,D64
P29,D01
P29,D37
P29,D39
P29,D59
P29,D60
P32,D39
P33,D25
P33,D39
P33,D45
P33,D61
P33,D64
P34,D05
P36,D01
P36,D05
P36,D06
P36,D07
P36,D15
P36,D27
P36,D37
P36,D38
P36,D45
P36,D47
P36,D60
P36,D75
P37,D02
P37,D45
P37,D47
P37,D61
P38,D45
P43,D25
P43,D60
P43,D64
