D01,P01
D02,P01
D03,P02
D04,P03
D05,P04
D06,P05
D07,P05
D08,P06
D09,P06
D10,P06
D11,P07
D12,P07
D13,P07
D14,P08
D15,P09
D16,P10
D17,P10
D18,P11
D19,P12
D20,P13
D21,P13
D22,P13
D23,P13
D24,P13
D25,P14
D26,P14
D27,P14
D28,P15
D29,P16
D30,P16
D31,P16
D32,P17
D33,P18
D34,P18
D35,P18
D36,P19
D37,P20
D38,P21
D39,P21
D40,P22
D41,P23
D42,P24
D43,P25
D44,P26
D45,P27
D46,P28
D47,P29
D48,P30
D49,P30
D50,P30
D51,P30
D52,P30
D53,P30
D54,P30
D55,P30
D56,P30
D57,P30
D58,P31
D59,P32
D60,P33
D61,P34
D62,P35
D63,P36
D64,P37
D65,P38
D66,P38
D67,P38
D68,P39
D69,P39
D70,P39
D71,P39
D72,P40
D73,P41
D74,P42
D75,P43
D76,P44
D77,P45
D78,P46
D79,P47
